x,y,z,uuid,type,alive,display_name,custom_name
-33.5,89.0,-24.5,b57bf734-15ec-4c89-ba29-afd54997f09a,minecraft:end_crystal,true,End Crystal,[null]
-41.5,104.0,-0.5,d998a07d-6b0a-4b29-8453-06b92406e569,minecraft:end_crystal,true,End Crystal,[null]
-12.5,77.0,-39.5,b2dbfad6-8f04-4493-a572-f3d1433a5f4c,minecraft:end_crystal,true,End Crystal,[null]
12.5,86.0,-39.5,25a8c982-b1f3-4ea1-b995-b44514442653,minecraft:end_crystal,true,End Crystal,[null]
-33.5,92.0,24.5,0fe16649-42ed-4dab-81b6-6242e17e126e,minecraft:end_crystal,true,End Crystal,[null]
-12.5,98.0,39.5,52cfb74d-7cbf-4cbe-97ac-0551f2a4c1e8,minecraft:end_crystal,true,End Crystal,[null]
12.5,95.0,39.5,022bdb6f-1650-4e09-bc30-28d43641ab24,minecraft:end_crystal,true,End Crystal,[null]
33.5,101.0,-24.5,985fcf7a-9ec2-49d5-91f8-b1100ec42a4e,minecraft:end_crystal,true,End Crystal,[null]
42.5,80.0,0.5,d7e92331-5b6b-4e54-95bf-d1b2bd47991b,minecraft:end_crystal,true,End Crystal,[null]
33.5,83.0,24.5,0f1dc2b6-da9e-4c2a-98e9-3428b6b9888d,minecraft:end_crystal,true,End Crystal,[null]
