x,y,z,type
-85,-49,-3,minecraft:mob_spawner
-40,5,-153,minecraft:mob_spawner
-96,-37,-197,minecraft:mob_spawner
-124,-29,1,minecraft:mob_spawner
-105,-46,33,minecraft:mob_spawner
-12,-34,73,minecraft:mob_spawner
81,-22,-151,minecraft:mob_spawner
84,-32,-133,minecraft:mob_spawner
-324,26,-1,minecraft:mob_spawner
-350,16,-8,minecraft:mob_spawner
-374,2,12,minecraft:mob_spawner
-301,14,55,minecraft:mob_spawner
-288,-46,-60,minecraft:mob_spawner
-315,-53,-93,minecraft:mob_spawner
-395,12,-31,minecraft:mob_spawner
-383,-47,56,minecraft:mob_spawner
-308,-11,-115,minecraft:mob_spawner
-401,3,-18,minecraft:mob_spawner
-388,-14,-40,minecraft:mob_spawner
-381,7,64,minecraft:mob_spawner
-452,9,19,minecraft:mob_spawner
-455,22,-14,minecraft:mob_spawner
-385,40,97,minecraft:mob_spawner
-374,-41,-104,minecraft:mob_spawner
-411,-16,-76,minecraft:mob_spawner
-383,38,145,minecraft:mob_spawner
-260,-11,-168,minecraft:mob_spawner
-480,-33,75,minecraft:mob_spawner
-506,-36,57,minecraft:mob_spawner
-523,17,58,minecraft:mob_spawner
-487,-34,94,minecraft:mob_spawner
-511,13,66,minecraft:mob_spawner
-237,-7,-177,minecraft:mob_spawner
-434,32,171,minecraft:mob_spawner
-454,-46,-199,minecraft:mob_spawner
-525,16,158,minecraft:mob_spawner
-519,-20,190,minecraft:mob_spawner
