x,y,z,uuid,type,alive,display_name,custom_name
-317.9056428010024,63.0,8.48263486201559,78651db8-6a5c-4b30-91bc-41f6e9a0fd8c,minecraft:player,true,stijnieboy_150,[null]
-278.5,-29.0,-47.5,677cf5af-e3e1-4f72-baf9-eccaa714c701,minecraft:creeper,true,Creeper,[null]
-496.5,19.5,24.5,9fa442cf-2f86-4a2c-bb3d-2e2f33a66bdb,minecraft:chest_minecart,true,Minecart with Chest,[null]
-354.5,-27.0,-186.5,5b47c6ce-70d7-447e-9e60-8eac8ffcdbbe,minecraft:falling_block,true,Falling Gravel,[null]
-255.45715640834766,57.954426706108826,-1.5428435916524026,5c16f403-31d5-41e8-86d0-e6d0b3042350,minecraft:tropical_fish,true,Tropical Fish,[null]
-493.0,65.0,-183.0,34f23d03-f066-4721-93b4-3e75e350aa8b,minecraft:chicken,true,Chicken,[null]
-282.5,-42.0,26.609031882599293,7c98e561-9037-4612-ab9d-601a4c57d929,minecraft:zombie,true,Zombie,[null]
-338.3557885188366,51.9878297548818,34.476763343897,ca549941-4532-485d-b2e8-6d67b75b0b63,minecraft:tropical_fish,true,Tropical Fish,[null]
-348.370231520172,-43.0,18.635452739092912,3e7116e0-6c18-4bd7-b0b9-9269321eb215,minecraft:zombie,true,Zombie,[null]
-288.5,-16.0,-42.5,59c758db-d803-45ad-af66-6d14c0695d59,minecraft:skeleton,true,Skeleton,[null]
-252.16195892449468,16.621841989457607,-16.84357962757349,0fd18552-b7c4-4c48-a628-c7e8dcfff448,minecraft:glow_squid,true,Glow Squid,[null]
-319.5,-19.0,31.5,b4212155-0882-4daa-8548-5398d5cfd8a2,minecraft:skeleton,true,Skeleton,[null]
-282.56420716756725,58.488241045078,0.5190015214399494,56a5cd23-8383-4b75-b0ed-cc5c89d57807,minecraft:cod,true,Cod,[null]
-280.121658124077,62.69779806523259,17.942713926929763,b1a6860e-a446-4aa5-a39b-b10a42214c66,minecraft:tropical_fish,true,Tropical Fish,[null]
-481.5,37.0625,-166.5,8b377e77-644c-41c4-9f3c-6e5a9ca4ba6a,minecraft:chest_minecart,true,Minecart with Chest,[null]
-260.5,-5.0,-21.5,d2efac74-242a-4d84-9dfb-324c8f4211fc,minecraft:spider,true,Spider,[null]
-344.3043208548165,58.11973117789205,8.369383023319067,bc3842a1-46a7-48ff-a3bb-171b4a64bdd1,minecraft:tropical_fish,true,Tropical Fish,[null]
-273.6315098751656,60.91286473792629,-28.631561676078192,cdc3c57e-84ba-4b77-880c-983dc346fb96,minecraft:pufferfish,true,Pufferfish,[null]
-501.0,65.0,-181.0,4b5a640c-3ee7-4e96-b237-2d541caffe83,minecraft:pig,true,Pig,[null]
-295.19207512748943,-21.0,-52.490979220481066,bfffea5c-8278-48fb-9859-4d8d7600559f,minecraft:zombie,true,Zombie,[null]
-279.80296957066844,-32.0,-41.19728357732748,8b9871d1-ced6-4781-85ee-ba6a2320fbdc,minecraft:zombie,true,Zombie,[null]
-238.5,-18.0,9.5,4757a208-5385-462f-b1b2-78c2cb64cbab,minecraft:skeleton,true,Skeleton,[null]
-352.4466631067561,-41.3471169430434,24.079089769804266,51c81c0e-9567-4a89-8d03-4c2e8b6ec107,minecraft:bat,true,Bat,[null]
-274.8325963941356,62.761707753546524,15.044161169808218,c8fbfd84-e60b-45ef-bd83-2814190de404,minecraft:cod,true,Cod,[null]
-251.8289832221344,52.18946462869644,23.04919233545661,1d4a1994-320e-4a07-9abd-94284ab0357e,minecraft:squid,true,Squid,[null]
-391.9637973921925,20.0,-82.04079543195384,f37c7a53-b7a8-48a1-a269-f4214e25b0c4,minecraft:spider,true,Spider,[null]
-404.79778780615646,13.0,-36.75236623751242,6c669c43-b46c-43d9-b87e-58e0cedc0abc,minecraft:skeleton,true,Skeleton,[null]
-400.7799299887265,13.0,-37.50043580010466,5b7437fd-19e8-48bb-97da-d26b54443cef,minecraft:skeleton,true,Skeleton,[null]
-344.80983173470497,58.98885716247344,9.8174221295851,7d0887a2-b854-4c33-bdc5-cc574815daa7,minecraft:tropical_fish,true,Tropical Fish,[null]
-284.4154380565121,-14.965196264661428,-57.60904999678731,14572a33-99b4-4434-bd91-64fddc70bee5,minecraft:bat,true,Bat,[null]
-501.0,65.0,-178.0,7e8c080d-ee95-4468-877c-f09b91c60200,minecraft:pig,true,Pig,[null]
-252.49206211924093,56.010301967603766,-176.03263508823196,05df9e32-14fc-4cb7-b5b5-176ed37afb02,minecraft:drowned,true,Drowned,[null]
-497.0,65.0,-181.0,491567d8-795a-4bec-9095-17e78fa2f905,minecraft:pig,true,Pig,[null]
-420.5,5.0,-30.5,98610f3a-7f91-4b9d-b255-afb50708f141,minecraft:skeleton,true,Skeleton,[null]
-306.18982028718983,53.97762423320566,-176.00414982131136,e014d6a6-0a08-45a2-a55e-6142a9248eda,minecraft:drowned,true,Drowned,[null]
-325.5,-17.0,30.5,6ee19432-2061-4f7e-ad3b-3f0a03395365,minecraft:creeper,true,Creeper,[null]
-399.75,11.059815683874199,-12.25,0398a2a7-be08-4910-9619-7809e5f24a8a,minecraft:bat,true,Bat,[null]
-299.8019782099873,56.21362381381914,-62.788314992561936,b8e92f9f-e7e7-40b9-ae65-3f332229682f,minecraft:squid,true,Squid,[null]
-301.5,-9.0,-48.5,b7bc7da8-2ecf-45d7-8337-7555c3bf6a30,minecraft:zombie,true,Zombie,[null]
-357.46694026569315,16.0,-12.714501929390815,f23f13b4-029a-4c9f-8d0f-18d0845ddd8a,minecraft:skeleton,true,Skeleton,[null]
-267.65599743179104,-17.0,-63.325501671411295,c4f761d8-7654-44a3-b08d-5d28a611def1,minecraft:skeleton,true,Skeleton,[null]
-321.75,-13.0,-57.75,c02de463-f451-402e-981c-c90d6e24e3db,minecraft:bat,true,Bat,[null]
-288.5,-47.0,18.5,e23f5fd7-4f58-4912-839b-f03c576dbcd3,minecraft:creeper,true,Creeper,[null]
-492.0,65.0,-183.0,bb8ae338-853f-410c-a5a3-6dedc234b19a,minecraft:chicken,true,Chicken,[null]
-300.5,5.0,-43.5,1af2bc23-b94d-4867-8774-5d1d211f9146,minecraft:zombie,true,Zombie,[null]
-369.41432238283414,-9.0,-68.26880093682445,79a9b954-54cd-4ad3-a821-14f85aceda48,minecraft:zombie,true,Zombie,[null]
-369.5361678107812,10.0,-0.7183242444542614,ee8ab1c6-a870-44ee-91a0-3e28edfc4e16,minecraft:skeleton,true,Skeleton,[null]
-364.5,10.0625,-2.5,7fdba913-c658-4432-a5a0-47c66b0c3538,minecraft:chest_minecart,true,Minecart with Chest,[null]
-360.1656094750988,50.908163752869854,-4.165820679884638,a276419b-970f-40c7-b250-dd5924109985,minecraft:tropical_fish,true,Tropical Fish,[null]
-289.25,-17.0,-42.75,3b63c734-e6a6-4e9b-bb47-c14e2b4090c8,minecraft:bat,true,Bat,[null]
-347.5,-35.0,58.5,32ac4421-97ad-4385-b36c-fdf5a4677a0b,minecraft:skeleton,true,Skeleton,[null]
-342.51908639832254,-33.0,29.200450688092143,84e507de-b072-4614-8a5e-5905a2cb928a,minecraft:zombie,true,Zombie,[null]
-310.68104189623403,-12.59808660143132,-19.93219028519208,ff1753a1-549d-4dc8-8089-9d29943eb331,minecraft:bat,true,Bat,[null]
-307.5,-12.0,-44.5,fdc47edc-ed28-480e-986e-c706b5136164,minecraft:skeleton,true,Skeleton,[null]
-339.48542822614786,-11.133948336313951,-74.65535120883264,4eba620c-d3de-4419-9450-bdbe215678e5,minecraft:bat,true,Bat,[null]
-264.5253382480409,-33.0,36.83467672847323,e58489db-5656-4902-aa35-d4d3d0f01cbb,minecraft:creeper,true,Creeper,[null]
-281.5,-25.0,-44.5,1b0d07be-7ed2-47b1-bfcc-9167f23b98ea,minecraft:skeleton,true,Skeleton,[null]
-503.5,-33.5,75.5,98a59183-a978-4e4c-b8e1-af7f4e15799a,minecraft:chest_minecart,true,Minecart with Chest,[null]
-380.5,7.0625,28.5,376a36a7-385c-4e3a-9990-ad91207c8f42,minecraft:chest_minecart,true,Minecart with Chest,[null]
-296.1658170140569,62.01725604083886,36.16572885435186,a475ad87-053c-4e65-8f73-3bfab2654820,minecraft:tropical_fish,true,Tropical Fish,[null]
-331.5,-12.0,-33.5,6c0f6185-8e9f-4727-9d0a-f7e36457921c,minecraft:skeleton,true,Skeleton,[null]
-377.5,8.0625,-0.5,6a8f0c5a-4088-4edd-aed7-0b0da600545c,minecraft:chest_minecart,true,Minecart with Chest,[null]
-350.191519005719,-27.0,62.19155704758607,39287d72-d390-4661-a885-13a6ec8c0c8c,minecraft:skeleton,true,Skeleton,[null]
-365.8437403552234,30.641076432541013,-98.59999999403954,b3e1c0c2-29a0-4554-8485-a6517e6f5adf,minecraft:glow_squid,true,Glow Squid,[null]
-331.74470739191827,-23.827969916265197,34.74725829103968,e363f9a0-8adf-451e-bf20-cd1b968d376f,minecraft:bat,true,Bat,[null]
-385.7620370560177,-6.0,-72.73039646836641,5f90d7cf-19ae-4740-a466-f614c9fb7a82,minecraft:skeleton,true,Skeleton,[null]
-338.5,-33.0,31.5,6278d88b-1bef-4d64-bd9b-086c1d83d2fc,minecraft:skeleton,true,Skeleton,[null]
-368.5,16.0,2.5,f6613ce8-4c05-4d4a-89c0-132f0deee8ae,minecraft:spider,true,Spider,[null]
-361.5488508153871,54.98626286702441,33.54814295162535,7b80f60a-1d19-49cc-ac44-e4b4d590e595,minecraft:tropical_fish,true,Tropical Fish,[null]
-324.52991445528846,56.703712747854055,44.46651401804783,5f045e76-1e29-4ca0-876b-a6c06120616d,minecraft:tropical_fish,true,Tropical Fish,[null]
-310.9215175733814,58.0,44.83195080797198,17588581-ae12-4840-92c3-c8248f535f3e,minecraft:dolphin,true,Dolphin,[null]
-247.5,22.0,76.73126442379002,534ff04e-493a-42bf-a6ad-19dfb8bb7359,minecraft:skeleton,true,Skeleton,[null]
-289.5,-43.0,23.5,aac62532-b388-4901-8ca4-449bde1d310d,minecraft:zombie,true,Zombie,[null]
-341.4803113098946,-35.0,62.25417188516253,6328e05f-810d-4525-8343-171f8ab23ba6,minecraft:skeleton,true,Skeleton,[null]
-326.3486579724297,-12.75630996421344,-50.63235711082315,44ed0994-9576-422b-9e33-8a3e5eacb534,minecraft:bat,true,Bat,[null]
-341.29022756714323,-32.0,31.497449132801272,5f9fcc54-24dd-4756-8bbe-8b557abe18ca,minecraft:skeleton,true,Skeleton,[null]
-373.5083921220118,11.0,-22.72195616408138,30f3522e-82e3-47eb-a789-8ed570719d02,minecraft:skeleton,true,Skeleton,[null]
-475.5,12.0625,116.5,ad199833-a8c8-4ae8-bfaf-3b8f24bda897,minecraft:chest_minecart,true,Minecart with Chest,[null]
-304.47434187005337,-14.0,-32.23456019400709,33ad7759-fd56-4259-bf84-4e741eceeacd,minecraft:creeper,true,Creeper,[null]
-334.5,23.0,-97.5,2eaec2b1-8dec-465f-9338-da75bf7042f1,minecraft:zombie,true,Zombie,[null]
-266.5,28.0,62.5,c805ddd2-22ff-4e13-99c5-ca5d4747c9c4,minecraft:skeleton,true,Skeleton,[null]
-291.4754331296202,61.822458883523524,39.44777368552282,426a0def-cbd7-4be5-b45f-b206535c856b,minecraft:cod,true,Cod,[null]
-342.49987132936457,-47.0,13.129888521723986,0d8f5a39-0ea1-4035-92bc-e092f77fb2a3,minecraft:skeleton,true,Skeleton,[null]
-301.5,-11.0,68.5,05f1c793-4104-4b3d-9372-212ae4d7110a,minecraft:skeleton,true,Skeleton,[null]
-284.92228245246224,56.0,7.031291535124183,1adaf825-6d15-494c-8193-14781e6f0b5b,minecraft:squid,true,Squid,[null]
-320.5,19.0,-93.5,e537111c-727b-4b0f-b912-1799eb9534e2,minecraft:zombie,true,Zombie,[null]
-322.40000000596046,54.11910349386744,27.400000005960464,0d65ffbe-69cb-410b-80f6-e188d5ceaed3,minecraft:squid,true,Squid,[null]
-325.5,-1.0,-59.5,0261a4ce-8b8e-4070-af02-89bef0eef4f5,minecraft:skeleton,true,Skeleton,[null]
-332.5,-14.0,-70.5,680c89f8-2d8f-4874-ba48-660830fe94bc,minecraft:skeleton,true,Skeleton,[null]
-453.5,19.0625,20.5,fef1ace7-2439-4500-8608-19e4b220f495,minecraft:chest_minecart,true,Minecart with Chest,[null]
-247.50999999046326,27.0,47.49000000953674,8bb140d7-c22a-4f24-b934-040fdd32b8d0,minecraft:chest_minecart,true,Minecart with Chest,[null]
-351.5,-4.0,-5.5,244df477-4af5-4536-ad20-6f6d6cf45ad7,minecraft:spider,true,Spider,[null]
-386.5,10.0625,-31.5,0825df21-063b-4bf3-8ae6-69b01e2d9a2b,minecraft:chest_minecart,true,Minecart with Chest,[null]
-274.5,-43.0,33.5,a14200f8-c4cc-49cf-b6b7-96b78395575f,minecraft:creeper,true,Creeper,[null]
-289.5,17.0,109.5,e82c52a5-0552-4ef2-9fba-3771e862cb65,minecraft:skeleton,true,Skeleton,[null]
-361.3125000009313,17.14821617550306,-1.5524980140594198,244ca4c4-9ed0-43af-bebb-8fd6611d649f,minecraft:bat,true,Bat,[null]
-378.5,13.0625,53.5,54dd4255-6522-4531-886d-be7e23524e22,minecraft:chest_minecart,true,Minecart with Chest,[null]
-278.8091025291157,-16.0,48.53391350225163,d1147b78-4812-4ff0-96a8-b24a54b56e9f,minecraft:creeper,true,Creeper,[null]
-262.2034255565484,-5.0,-44.444116828386726,503fc8dd-44f3-449c-a5fc-bba4cddedca0,minecraft:creeper,true,Creeper,[null]
-343.40000000596046,26.0,-108.40000000596046,38eb8dc3-f250-4555-b675-efb708957e7b,minecraft:glow_squid,true,Glow Squid,[null]
-296.5205178501597,42.63111787124042,32.431532471864074,9dd1ae61-98eb-4d36-b0ac-115a96a1934d,minecraft:cod,true,Cod,[null]
-404.5,12.0625,-0.5,3ea066b0-aedf-4eea-a98a-676aca3f32bc,minecraft:chest_minecart,true,Minecart with Chest,[null]
-346.15957114996456,62.69677665315839,24.238714018677058,d925cbcc-a1b8-43b9-9d4e-ed600f2b232e,minecraft:tropical_fish,true,Tropical Fish,[null]
-353.89421187903065,56.047081828000124,7.105786841879993,58c17bc5-128b-4a37-9794-a660ef97d256,minecraft:tropical_fish,true,Tropical Fish,[null]
-322.5,-25.0,35.5,38b85628-f0ff-4330-ba5d-bb7bc48d904a,minecraft:zombie,true,Zombie,[null]
-262.1657112162025,59.91186747460593,15.165628587860159,f361eefb-cb82-49e2-b9ac-087f18e219a4,minecraft:tropical_fish,true,Tropical Fish,[null]
-285.37073780394786,53.90703022755952,-176.02980619054378,11042b04-c8de-4d24-ace5-d9d764922c3d,minecraft:drowned,true,Drowned,[null]
-286.29869186757713,56.022814698098145,-176.01843756246154,c776acf0-9b48-4c0b-aebf-d66bcc9d69c7,minecraft:drowned,true,Drowned,[null]
-281.9026265194569,53.107719230747506,-176.01362207204664,1ff4dac5-d007-4d19-96df-6b1e03737040,minecraft:drowned,true,Drowned,[null]
-396.1498821676042,-15.0,-45.17026229952989,60880aee-146b-4a3d-a118-3638a5382518,minecraft:zombie,true,Zombie,[null]
-511.5,-39.5,53.5,e8130e45-17f9-4a7d-a1c2-a6b93978aa71,minecraft:chest_minecart,true,Minecart with Chest,[null]
-319.23943142667343,-22.0,49.79340004385699,5b9a4f43-2fd0-48c4-a64d-5952c8273b02,minecraft:skeleton,true,Skeleton,[null]
-291.35522689122496,61.336094391095216,38.50371286146771,457ecec0-dbb3-4d22-9e38-15e49cd5a9a3,minecraft:cod,true,Cod,[null]
-256.59999999403954,18.0,-59.599999994039536,110ed002-7927-42fb-88eb-28a03aab3b1a,minecraft:glow_squid,true,Glow Squid,[null]
-260.66739377838934,-43.24340561309175,8.699999999254942,7b4e36b2-8fc1-4a88-814d-b6dcd747c929,minecraft:bat,true,Bat,[null]
-353.47761650788624,56.16341630762047,-13.41749412469141,21aa5ab6-d4c3-4c88-9389-9e6b07e0c3d8,minecraft:pufferfish,true,Pufferfish,[null]
-292.25,19.100000023841858,-77.75,8a57ea52-6391-4d86-841d-0299f987a767,minecraft:bat,true,Bat,[null]
-299.5,-25.0,-15.5,760785fa-b7f2-4100-bed8-3e1b9b9d417b,minecraft:zombie,true,Zombie,[null]
-293.5,16.0,55.5,fa6c1eef-976d-4067-92fe-9ecf9ff65a01,minecraft:skeleton,true,Skeleton,[null]
-398.7691609099011,40.05524399880649,97.41093463140065,9455ba52-2387-4836-ad36-5056707d7db4,minecraft:bat,true,Bat,[null]
-346.8170544470382,20.0,-101.18302015493117,24fd14cb-a492-4fce-b516-c8d8522a1359,minecraft:skeleton,true,Skeleton,[null]
-290.20078220368777,-14.0,-49.49999502970992,cb30efc3-7ab3-4457-b631-2f690508c50d,minecraft:zombie,true,Zombie,[null]
-314.5,6.0,-39.5,59287670-0516-4b93-9e58-3b968c7fd8ae,minecraft:creeper,true,Creeper,[null]
-334.3433318145317,-32.0,32.645289407616644,c5ea888e-fa3b-4e6e-982f-fb31ca10a4b0,minecraft:zombie,true,Zombie,[null]
-342.5,-47.0,13.699999988079071,1341310b-57eb-4a7e-8952-feac5766a797,minecraft:skeleton,true,Skeleton,[null]
-502.5,18.5,55.5,0e788720-ec46-4467-a9f0-eae444c092e6,minecraft:chest_minecart,true,Minecart with Chest,[null]
-499.0,65.0,-179.0,381d476d-9a4f-41e4-a325-1b4e2ade13d8,minecraft:pig,true,Pig,[null]
-291.7826743174248,-17.0,-38.763781265664015,35f0b8eb-5cd1-4f8b-92ed-a676b1729ffc,minecraft:skeleton,true,Skeleton,[null]
-285.22890879453496,62.69340824193467,-19.67617847178839,2a5bf91f-f0d2-41eb-9240-0eba285e38a4,minecraft:tropical_fish,true,Tropical Fish,[null]
-396.38957609034486,2.176759275064237,-33.06888431203863,dcf29674-64e3-4688-941d-183be5f64451,minecraft:creeper,true,Creeper,[null]
-304.5,-13.0,74.5,76057504-629c-4bcb-93d5-e7eada8308ed,minecraft:skeleton,true,Skeleton,[null]
-284.25555516342723,-19.0,-39.502692888359384,430968f3-51c6-465e-ba4a-16de310508b7,minecraft:zombie,true,Zombie,[null]
-402.5,8.0625,-37.5,7b6d6330-034c-4d37-9188-632b65aefb2d,minecraft:chest_minecart,true,Minecart with Chest,[null]
-291.09362235923834,-29.0,-10.76821978836507,181474f5-de3d-49cb-b195-5f323306453a,minecraft:spider,true,Spider,[null]
-363.5,16.0,-16.5,7de08c0e-eb1b-49d0-acbd-df5b2e044a78,minecraft:creeper,true,Creeper,[null]
-469.5,26.0625,86.5,d7a55e85-a3c2-48e3-b50d-168a0fd07385,minecraft:chest_minecart,true,Minecart with Chest,[null]
-251.5,27.0625,90.5,b9126ea5-a73d-4d53-9865-f0282e89e273,minecraft:chest_minecart,true,Minecart with Chest,[null]
-370.16249999124557,16.313324808031364,6.162499991245568,79ca8996-58d7-408d-8995-b9d2e1ab0818,minecraft:bat,true,Bat,[null]
-383.24955779058587,11.0,29.50000587227048,d87c1931-5a79-431f-8886-b535835b1bc7,minecraft:skeleton,true,Skeleton,[null]
-463.5,19.0625,75.5,9e460558-3a62-4574-a4c0-629b9cba1158,minecraft:chest_minecart,true,Minecart with Chest,[null]
-329.5,-44.0,57.5,73465b5d-2b17-41f9-8ba3-944565084554,minecraft:creeper,true,Creeper,[null]
-256.59999999403954,3.0,-64.47344833030365,1d652c72-c3f7-4fa7-be6c-17959ae3443b,minecraft:glow_squid,true,Glow Squid,[null]
-277.2677007659318,28.0,96.48522354618204,22f80241-e84a-4c6d-9fca-2f6ff55fee2c,minecraft:enderman,true,Enderman,[null]
-450.5,15.0625,60.5,2188dadf-9130-4a3b-98dc-b69f726a68bb,minecraft:chest_minecart,true,Minecart with Chest,[null]
-301.5,55.0,-185.5,b3c94f25-b89b-4530-a347-de4c6a5bb164,minecraft:drowned,true,Drowned,[null]
-303.5,55.0,-186.5,da89d376-260a-4600-821b-f4d1ed48b8a1,minecraft:falling_block,true,Falling Sand,[null]
-479.5,14.0625,47.5,5be2b46d-ab10-46e7-bc6e-7a773c28c048,minecraft:chest_minecart,true,Minecart with Chest,[null]
-361.5,33.0625,145.5,1bfe1c65-42a1-46e4-a328-a1e442e096bb,minecraft:chest_minecart,true,Minecart with Chest,[null]
-475.5,25.0625,56.5,86488cbe-aef7-4107-b224-97a7bb7331a6,minecraft:chest_minecart,true,Minecart with Chest,[null]
-353.5,-28.0,-189.5,850fdde3-3d38-41a6-9f5f-d683f997be7b,minecraft:falling_block,true,Falling Gravel,[null]
-352.5,-28.0,-190.5,6087c248-4a8e-47ae-8948-3f01559e4e4c,minecraft:falling_block,true,Falling Gravel,[null]
-354.5,-28.0,-189.5,9daa477d-21c7-4c23-82b2-7eb43c31cdd2,minecraft:falling_block,true,Falling Gravel,[null]
-353.5,-28.0,-190.5,cf01c2fc-a955-4564-9435-72bd48fbcebb,minecraft:falling_block,true,Falling Gravel,[null]
-352.5,-28.0,-191.5,e02371cf-d608-4556-9d8a-752c437ba465,minecraft:falling_block,true,Falling Gravel,[null]
-355.5,-28.0,-189.5,82db64e0-8d23-4b5a-95bc-8109b8c17ceb,minecraft:falling_block,true,Falling Gravel,[null]
-354.5,-28.0,-190.5,61699a3d-8453-4a97-b754-544a96ce635c,minecraft:falling_block,true,Falling Gravel,[null]
-353.5,-28.0,-191.5,cbcae62b-4f9e-41f2-b38d-197544385912,minecraft:falling_block,true,Falling Gravel,[null]
-352.5,-27.0,-187.5,a9e7b5a8-4c55-47be-ab87-9cd042841076,minecraft:falling_block,true,Falling Gravel,[null]
-356.5,-28.0,-189.5,9eb15338-92a4-4b6d-97cb-e6dae1acf0a7,minecraft:falling_block,true,Falling Gravel,[null]
-355.5,-28.0,-190.5,43ef5892-d202-4093-b64d-ed4782f94cfb,minecraft:falling_block,true,Falling Gravel,[null]
-355.5,-28.0,-188.5,c43a5535-012e-4937-a24a-0ce2ecf1ad80,minecraft:falling_block,true,Falling Gravel,[null]
-354.5,-28.0,-191.5,2e75030c-71d5-440e-9b27-48bcc3d1cd45,minecraft:falling_block,true,Falling Gravel,[null]
-353.5,-27.0,-187.5,1eec7f13-0dcb-4f5b-b2c9-3b955c118f6e,minecraft:falling_block,true,Falling Gravel,[null]
-352.5,-27.0,-186.5,2d2d0bae-90bd-40d4-a4da-ab2aa8da2176,minecraft:falling_block,true,Falling Gravel,[null]
-356.5,-28.0,-190.5,d3ae0dbb-ff3f-4f2d-a124-6b4599767ffe,minecraft:falling_block,true,Falling Gravel,[null]
-355.5,-28.0,-191.5,5baf014b-bba9-4b52-956e-c449c561269a,minecraft:falling_block,true,Falling Gravel,[null]
-355.5,-27.0,-188.5,7c883fcc-3bc1-4fe2-b2c5-13c8b413e603,minecraft:falling_block,true,Falling Gravel,[null]
-354.5,-27.0,-187.5,756bbe84-ec8e-4b3a-9858-ef334ebc8f36,minecraft:falling_block,true,Falling Gravel,[null]
-353.5,-27.0,-188.5,c41e4ab0-6040-4569-bef6-d6d5053679af,minecraft:falling_block,true,Falling Gravel,[null]
-353.5,-27.0,-186.5,79e02afb-7697-4a26-abc3-fa90f346b390,minecraft:falling_block,true,Falling Gravel,[null]
-352.5,-27.0,-185.5,ed37f398-b630-40c5-880c-a4bdde909974,minecraft:falling_block,true,Falling Gravel,[null]
-354.5,-27.0,-188.5,5ae27c61-f318-4945-8e0c-a475e929a6aa,minecraft:falling_block,true,Falling Gravel,[null]
-355.5,-27.0,-187.5,55569e51-210e-467c-ac65-3d408d9c3229,minecraft:falling_block,true,Falling Gravel,[null]
-506.5,22.5,40.5,ffc87e15-538e-4968-91a6-8f69cfc8b15d,minecraft:chest_minecart,true,Minecart with Chest,[null]
-282.5,36.0,-189.5,f6216484-5fae-4f98-83e3-a6319b745c02,minecraft:drowned,true,Drowned,[null]
-278.03748024625446,52.12487345301741,-176.02821209931287,cbdca27f-8f84-41c2-a9af-76c449bfc028,minecraft:drowned,true,Drowned,[null]
-344.9233277587414,-39.0,72.47485753051507,0223940d-400e-447a-96b3-565792413bf3,minecraft:spider,true,Spider,[null]
-218.60904999678732,29.79708824919799,-22.75,03127013-0376-47e4-a119-83e744f6a093,minecraft:bat,true,Bat,[null]
-299.5,14.0,54.5,700dbe0f-e3d0-4c9a-9697-d02116428da4,minecraft:zombie,true,Zombie,[null]
