x,y,z,uuid,type,alive,display_name,custom_name
-114.49856252234106,31.509563894373855,133.7008222106545,3f8f4cc1-e331-4534-a9f0-a94b479da13b,minecraft:strider,true,Strider,[null]
-119.42920128121877,31.514140940799653,126.57059433304792,b5640405-dd6f-48a8-a944-c91121edd5ee,minecraft:strider,true,Strider,[null]
-42.06391851590937,31.50329353245026,128.09862395213716,54664f59-ec5c-4d74-81df-5487b53c7bb0,minecraft:strider,true,Strider,[null]
-48.062843129626515,31.50747187276056,126.91231531001198,89725c39-5c46-4e6b-96bb-2b6abcd544d6,minecraft:strider,true,Strider,[null]
-127.0,31.0,183.0,d785fed2-1fe6-425f-96c3-6056a4ea4152,minecraft:strider,true,Strider,[null]
12.0,31.0,183.0,082a7ad9-4bff-427d-bc39-3199ac37e0bf,minecraft:strider,true,Strider,[null]
12.0,31.0,187.0,816ace8a-4d6e-48b1-87e9-c497da2348ca,minecraft:strider,true,Strider,[null]
-173.0,31.0,118.0,57bb3fcd-4586-40be-94f5-99d3935751bb,minecraft:strider,true,Strider,[null]
-173.0,31.0,118.0,8f7b8c53-406a-46f5-9d08-bae520f67dd5,minecraft:strider,true,Strider,[null]
-162.0,31.0,120.0,24ca6f7c-917f-4fb5-bbb6-3ce6ccf15f0f,minecraft:strider,true,Strider,[null]
-164.0,31.0,120.0,27177281-c9b8-4d08-ada5-1754718658c8,minecraft:strider,true,Strider,[null]
-164.0,31.0,120.0,94c065a4-c930-4c43-8b35-d5c55a812655,minecraft:zombified_piglin,true,Zombified Piglin,[null]
133.3897240655741,31.50000091463154,19.514517092242603,d144de22-105a-4c2f-b168-d96e2f4a9dd4,minecraft:strider,true,Strider,[null]
137.04521423970613,31.509666894304722,19.52239875778089,8407be59-074a-4b9b-8646-0d9b0829f156,minecraft:strider,true,Strider,[null]
102.28858494312296,31.508380991132007,148.7425465567592,53401294-2aa2-42a0-b868-78f657019429,minecraft:strider,true,Strider,[null]
160.0075367020392,31.447178147785735,145.74087912150395,d2d5ceec-6a81-4be8-a77f-3f91711cbf72,minecraft:strider,true,Strider,[null]
